{
  "$id": "https://schemas.coherosphere.io/events/hubs/ProjectCreated.v1.json",
  "$schema": "https://json-schema.org/draft/2020-12/schema",
  "title": "Hubs.ProjectCreated",
  "version": "1.0.0",
  "type": "object",
  "properties": {
    "projectId": {
      "$ref": "../_meta/common.json#/$defs/ID"
    },
    "hubId": {
      "$ref": "../_meta/common.json#/$defs/ID"
    },
    "title": {
      "type": "string"
    },
    "createdAt": {
      "type": "string",
      "format": "date-time"
    }
  },
  "required": [
    "projectId",
    "hubId",
    "title",
    "createdAt"
  ],
  "additionalProperties": false
}