{
  "$id": "https://schemas.coherosphere.io/events/security/TransparencyReportPublished.v1.json",
  "$schema": "https://json-schema.org/draft/2020-12/schema",
  "title": "Security.TransparencyReportPublished",
  "version": "1.0.0",
  "type": "object",
  "properties": {
    "reportId": {
      "$ref": "../_meta/common.json#/$defs/ID"
    },
    "hash": {
      "type": "string"
    },
    "uri": {
      "type": "string",
      "format": "uri"
    },
    "at": {
      "type": "string",
      "format": "date-time"
    }
  },
  "required": [
    "reportId",
    "hash",
    "uri",
    "at"
  ],
  "additionalProperties": false
}