{
  "$id": "https://schemas.coherosphere.io/events/gov/ProposalCreated.v1.json",
  "$schema": "https://json-schema.org/draft/2020-12/schema",
  "title": "Gov.ProposalCreated",
  "version": "1.0.0",
  "type": "object",
  "properties": {
    "proposalId": {
      "$ref": "../_meta/common.json#/$defs/ID"
    },
    "title": {
      "type": "string"
    },
    "createdAt": {
      "type": "string",
      "format": "date-time"
    }
  },
  "required": [
    "proposalId",
    "title",
    "createdAt"
  ],
  "additionalProperties": false
}