{
  "$schema": "https://json-schema.org/draft/2020-12/schema",
  "$id": "https://coherosphere.dev/schemas/events/cloudevents/DDD-EVT-91.json",
  "title": "DDD-EVT-91 (CloudEvents)",
  "type": "object",
  "required": [
    "specversion",
    "id",
    "source",
    "type",
    "time",
    "data"
  ],
  "additionalProperties": false,
  "properties": {
    "specversion": {
      "type": "string",
      "const": "1.0"
    },
    "id": {
      "type": "string",
      "description": "Event UUID"
    },
    "source": {
      "type": "string",
      "format": "uri"
    },
    "type": {
      "type": "string",
      "const": "coherosphere.events.DDD-EVT-91"
    },
    "subject": {
      "type": "string"
    },
    "time": {
      "type": "string",
      "format": "date-time"
    },
    "datacontenttype": {
      "type": "string",
      "const": "application/json"
    },
    "data": {
      "$ref": "DDD-EVT-91"
    }
  },
  "x-coherosphere": {
    "eventId": "DDD-EVT-91",
    "version": "1.0.0",
    "generatedAt": "2025-11-01T15:32:08Z",
    "linkToBaseSchema": "DDD-EVT-91"
  }
}